id,SMILES,is_monomer,is_dimer,is_cyclic,has_disulfide_bond,SIF_class,SGF_class,SIF_class_min,SGF_class_min,Unnamed: 4,Unnamed: 5,Unnamed: 6,Unnamed: 7,Unnamed: 8,Unnamed: 9,Unnamed: 10,Unnamed: 11,Unnamed: 12,Unnamed: 13,Unnamed: 14,Unnamed: 15,Unnamed: 16,Unnamed: 17,Unnamed: 18,Unnamed: 19
1024,CC(=O)N[C@@H]1C(=O)N[C@@H](CCCNC(=N)N)C(=O)N[C@@H]([C@@H](C)O)C(=O)N[C@@H](Cc2c[nH]c3ccccc23)C(=O)N[C@@H](CCC(N)=O)C(=O)N[C@H](C(=O)N[C@@H](Cc2ccc(O)cc2)C(=O)N[C@@H](Cc2c[nH]c3ccccc23)C(=O)N[C@@H](CCCNC(=N)N)C(=O)N[C@@H](CCCCN)C(=O)N[C@@H](Cc2ccccc2)C(=O)NCC(=O)NCCOCC(=O)N[C@H](CCCCN)C(N)=O)CSSC1(C)C,True,False,True,True,*****,,30,-1,,,,,,,,,,,,,,,,
1023,CC(=O)N[C@H]1CSSC(C)(C)[C@H](C(=O)N[C@@H](Cc2ccc(O)cc2)C(=O)N[C@@H](Cc2c[nH]c3ccccc23)C(=O)N[C@@H](Cc2c[nH]cn2)C(=O)N[C@H](C(=O)N[C@@H](Cc2ccccc2)C(=O)NCC(=O)NCCOCC(=O)N[C@H](CCCCN)C(N)=O)[C@@H](C)O)NC(=O)[C@H](C(C)C)NC(=O)[C@H](Cc2c[nH]c3ccccc23)NC(=O)[C@H](CC(=O)O)NC(=O)[C@H](C)NC1=O,True,False,True,True,*****,,30,-1,,,,,,,,,,,,,,,,
974,CC(=O)N[C@H](CCC(N)=O)C(=O)N[C@H]1CCSC[C@@H](C(=O)N[C@H](Cc2ccc(OCCN)cc2)C(=O)N[C@@H](Cc2ccc3ccccc3c2)C(=O)N[C@](C)(CCCCN)C(=O)N[C@@H](CCC(=O)O)C(=O)N[C@@H](CC(N)=O)C(=O)N[C@@H](CC(N)=O)C(N)=O)NC(=O)[C@H](CCC(N)=O)NC(=O)[C@H](Cc2c[nH]c3ccccc23)NC(=O)[C@H]([C@@H](C)O)NC(=O)[C@H](CCC(N)=O)NC1=O,True,False,True,False,*,*,420,420,,,,,,,,,,,,,,,,
973,CC(=O)N[C@@H](CC(C)C)C(=O)N[C@H]1CCSC[C@@H](C(=O)N[C@H](Cc2ccc(OCCN)cc2)C(=O)N[C@@H](Cc2ccc3ccccc3c2)C(=O)N[C@](C)(CCCCN)C(=O)N[C@@H](CCC(=O)O)C(=O)N[C@@H](CC(N)=O)C(=O)N[C@@H](CC(N)=O)C(N)=O)NC(=O)[C@H](CCC(N)=O)NC(=O)[C@H](Cc2c[nH]c3ccccc23)NC(=O)[C@H]([C@@H](C)O)NC(=O)[C@H](CCC(N)=O)NC1=O,True,False,True,False,***,*,150,420,,,,,,,,,,,,,,,,
971,CC(=O)N[C@@H](Cc1ccc2ccccc2c1)C(=O)N[C@H]1CCSC[C@@H](C(=O)N[C@H](Cc2ccc(OCCN)cc2)C(=O)N[C@@H](Cc2ccc3ccccc3c2)C(=O)N[C@](C)(CCCCN)C(=O)N[C@@H](CCC(=O)O)C(=O)N[C@@H](CC(N)=O)C(=O)N[C@@H](CC(N)=O)C(N)=O)NC(=O)[C@H](CCC(N)=O)NC(=O)[C@H](Cc2c[nH]c3ccccc23)NC(=O)[C@H]([C@@H](C)O)NC(=O)[C@H](CCC(N)=O)NC1=O,True,False,True,False,*****,****,30,90,,,,,,,,,,,,,,,,
970,CC(=O)N[C@H](Cc1ccccc1)C(=O)N[C@H]1CCSC[C@@H](C(=O)N[C@H](Cc2ccc(OCCN)cc2)C(=O)N[C@@H](Cc2ccc3ccccc3c2)C(=O)N[C@](C)(CCCCN)C(=O)N[C@@H](CCC(=O)O)C(=O)N[C@@H](CC(N)=O)C(=O)N[C@@H](CC(N)=O)C(N)=O)NC(=O)[C@H](CCC(N)=O)NC(=O)[C@H](Cc2c[nH]c3ccccc23)NC(=O)[C@H]([C@@H](C)O)NC(=O)[C@H](CCC(N)=O)NC1=O,True,False,True,False,*****,*,30,420,,,,,,,,,,,,,,,,
968,CC(=O)N[C@@H](CCCNC(=N)N)C(=O)N[C@H]1CCSC[C@@H](C(=O)N[C@H](Cc2ccc(OCCN)cc2)C(=O)N[C@@H](Cc2ccc3ccccc3c2)C(=O)N[C@](C)(CCCCN)C(=O)N[C@@H](CCC(=O)O)C(=O)N[C@@H](CC(N)=O)C(=O)N[C@@H](CC(N)=O)C(N)=O)NC(=O)[C@H](CCC(N)=O)NC(=O)[C@H](Cc2c[nH]c3ccccc23)NC(=O)[C@H]([C@@H](C)O)NC(=O)[C@H](CCC(N)=O)NC1=O,True,False,True,False,*,***,420,150,,,,,,,,,,,,,,,,
967,CC(=O)N[C@@H](CCCNC(=N)N)C(=O)N[C@H]1CCSC[C@@H](C(=O)N[C@H](Cc2ccc(OCCN)cc2)C(=O)N[C@@H](Cc2ccc3ccccc3c2)C(=O)N[C@](C)(CCCCN)C(=O)N[C@@H](CCC(=O)O)C(=O)N[C@@H](CC(N)=O)C(=O)N[C@@H](CC(N)=O)C(N)=O)NC(=O)[C@H](CCC(N)=O)NC(=O)[C@H](Cc2c[nH]c3ccccc23)NC(=O)[C@H]([C@@H](C)O)NC(=O)[C@H](CCC(N)=O)NC1=O,True,False,True,False,*,***,420,150,,,,,,,,,,,,,,,,
966,CC(=O)N[C@H](CCC(=O)O)C(=O)N[C@H]1CCSC[C@@H](C(=O)N[C@H](Cc2ccc(OCCN)cc2)C(=O)N[C@@H](Cc2ccc3ccccc3c2)C(=O)N[C@](C)(CCCCN)C(=O)N[C@@H](CCC(=O)O)C(=O)N[C@@H](CC(N)=O)C(=O)N[C@@H](CC(N)=O)C(N)=O)NC(=O)[C@H](CCC(N)=O)NC(=O)[C@H](Cc2c[nH]c3ccccc23)NC(=O)[C@H]([C@@H](C)O)NC(=O)[C@H](CCC(N)=O)NC1=O,True,False,True,False,*,*,420,420,,,,,,,,,,,,,,,,
964,COc1ccc(C[C@H](NC(=O)[C@@H]2CSCC[C@H](NC(C)=O)C(=O)N[C@@H](CCC(N)=O)C(=O)N[C@@H]([C@@H](C)O)C(=O)N[C@@H](Cc3c[nH]c4ccccc34)C(=O)N[C@@H](CCC(N)=O)C(=O)N2)C(=O)N[C@@H](Cc2ccc3ccccc3c2)C(=O)N[C@](C)(CC(C)C)C(=O)N[C@@H](CCC(=O)O)C(=O)N[C@@H](CC(N)=O)C(=O)NCC(=O)N[C@H](CCCCN)C(N)=O)cc1,True,False,True,False,**,***,270,150,,,,,,,,,,,,,,,,
963,CC(=O)N[C@H]1CCSC[C@@H](C(=O)N[C@@H](Cc2ccc(OCc3ccccc3)cc2)C(=O)N[C@@H](Cc2ccc3ccccc3c2)C(=O)NC(C)(C)C(=O)N[C@@H](CCC(=O)O)C(=O)N[C@@H](CC(N)=O)C(=O)NCC(N)=O)NC(=O)[C@H](CCC(N)=O)NC(=O)[C@H](Cc2c[nH]c3ccccc23)NC(=O)[C@H]([C@@H](C)O)NC(=O)[C@H](CCC(N)=O)NC1=O,True,False,True,False,****,***,90,150,,,,,,,,,,,,,,,,
961,CC(=O)N[C@H]1CCSC[C@@H](C(=O)N[C@@H](Cc2ccc(Cl)cc2)C(=O)N[C@@H](Cc2ccc3ccccc3c2)C(=O)NC(C)(C)C(=O)N[C@@H](CCC(=O)O)C(=O)N[C@@H](CC(N)=O)C(=O)NCC(N)=O)NC(=O)[C@H](CCC(N)=O)NC(=O)[C@H](Cc2c[nH]c3ccccc23)NC(=O)[C@H]([C@@H](C)O)NC(=O)[C@H](CCC(N)=O)NC1=O,True,False,True,False,*****,***,30,150,,,,,,,,,,,,,,,,
960,CC(=O)N[C@H]1CCSC[C@@H](C(=O)N[C@H](Cc2cccc(C)c2)C(=O)N[C@@H](Cc2ccc3ccccc3c2)C(=O)NC(C)(C)C(=O)N[C@@H](CCC(=O)O)C(=O)N[C@@H](CC(N)=O)C(=O)NCC(N)=O)NC(=O)[C@H](CCC(N)=O)NC(=O)[C@H](Cc2c[nH]c3ccccc23)NC(=O)[C@H]([C@@H](C)O)NC(=O)[C@H](CCC(N)=O)NC1=O,True,False,True,False,*,****,420,90,,,,,,,,,,,,,,,,
959,CC(=O)N[C@H]1CCSC[C@@H](C(=O)N[C@@H](Cc2ccc(Cl)cc2Cl)C(=O)N[C@@H](Cc2ccc3ccccc3c2)C(=O)NC(C)(C)C(=O)N[C@@H](CCC(=O)O)C(=O)N[C@@H](CC(N)=O)C(=O)NCC(N)=O)NC(=O)[C@H](CCC(N)=O)NC(=O)[C@H](Cc2c[nH]c3ccccc23)NC(=O)[C@H]([C@@H](C)O)NC(=O)[C@H](CCC(N)=O)NC1=O,True,False,True,False,*,***,420,150,,,,,,,,,,,,,,,,
949,CC(=O)NCCCC[C@H](NC(=O)[C@H](CCC(=O)O)NC(=O)C(C)(C)NC(=O)[C@H](Cc1ccc2ccccc2c1)NC(=O)[C@@H](Cc1ccc(OCCN)cc1)NC(=O)[C@@H]1CSCC[C@H](NC(C)=O)C(=O)N[C@@H](CCC(N)=O)C(=O)N[C@@H]([C@@H](C)O)C(=O)N[C@@H](Cc2c[nH]c3ccccc23)C(=O)N[C@@H](CCC(N)=O)C(=O)N1)C(=O)NCC(N)=O,True,False,True,False,***,*****,150,30,,,,,,,,,,,,,,,,
940,CC(=O)NCCCC[C@H](NC(=O)[C@@](C)(CCCCN)NC(=O)[C@H](Cc1ccc2ccccc2c1)NC(=O)[C@H](Cc1ccc(O)cc1)NC(=O)[C@@H]1CSCC[C@H](NC(C)=O)C(=O)N[C@@H](CCC(N)=O)C(=O)N[C@@H]([C@@H](C)O)C(=O)N[C@@H](Cc2c[nH]c3ccccc23)C(=O)N[C@@H](CCC(N)=O)C(=O)N1)C(=O)N[C@@H](CC(N)=O)C(=O)NCC(N)=O,True,False,True,False,****,****,90,90,,,,,,,,,,,,,,,,
927,CC(=O)N[C@H]1CCSC[C@@H](C(=O)N[C@H](Cc2ccc(OCCN)cc2)C(=O)N[C@@H](Cc2ccc3ccccc3c2)C(=O)N[C@](C)(CCCCN)C(=O)N[C@@H](CCCN)C(=O)N[C@@H](CC(N)=O)C(=O)NCC(N)=O)NC(=O)[C@H](CCC(N)=O)NC(=O)[C@H](Cc2c[nH]c3ccccc23)NC(=O)[C@H]([C@@H](C)O)NC(=O)[C@H](CCC(N)=O)NC1=O,True,False,True,False,**,**,270,270,,,,,,,,,,,,,,,,
924,CC(=O)NCCCC[C@H](NC(=O)[C@@](C)(CCCCN)NC(=O)[C@H](CC(=O)O)NC(=O)[C@@H](Cc1ccc(OCCN)cc1)NC(=O)[C@@H]1CSCC[C@H](NC(C)=O)C(=O)N[C@@H](CCC(N)=O)C(=O)N[C@@H]([C@@H](C)O)C(=O)N[C@@H](CC(=O)O)C(=O)N[C@@H](CCC(N)=O)C(=O)N1)C(=O)N[C@@H](CC(N)=O)C(=O)NCC(N)=O,True,False,True,False,*****,,30,-1,,,,,,,,,,,,,,,,
919,CC(=O)NCCCC[C@H](NC(=O)[C@@](C)(CCCCN)NC(=O)[C@H](Cc1ccc2ccccc2c1)NC(=O)[C@@H](Cc1ccc(OCCN)cc1)NC(=O)[C@@H]1CSCC[C@H](NC(C)=O)C(=O)N[C@@H](CCC(N)=O)C(=O)N[C@@H]([C@@H](C)O)C(=O)N[C@@H](CCCNC(=N)N)C(=O)N[C@@H](CCC(N)=O)C(=O)N1)C(=O)N[C@@H](CC(N)=O)C(=O)NCC(N)=O,True,False,True,False,****,*****,90,30,,,,,,,,,,,,,,,,
910,CC(=O)NCCCC[C@H](NC(=O)[C@@](C)(CCCCN)NC(=O)[C@H](Cc1ccc(Cl)c(Cl)c1)NC(=O)[C@@H](Cc1ccc(OCCN)cc1)NC(=O)[C@@H]1CSCC[C@H](NC(C)=O)C(=O)N[C@@H](CN)C(=O)N[C@@H]([C@@H](C)O)C(=O)N[C@@H](Cc2c[nH]c3ccccc23)C(=O)N[C@@H](CCC(N)=O)C(=O)N1)C(=O)N[C@@H](CC(N)=O)C(=O)NCC(N)=O,True,False,True,False,*****,***,30,150,,,,,,,,,,,,,,,,
909,CC(=O)NCCCC[C@H](NC(=O)[C@@](C)(CCCCN)NC(=O)[C@@H]1Cc2ccccc2CN1C(=O)[C@@H](Cc1ccc(OCCN)cc1)NC(=O)[C@@H]1CSCC[C@H](NC(C)=O)C(=O)N[C@@H](CN)C(=O)N[C@@H]([C@@H](C)O)C(=O)N[C@@H](Cc2c[nH]c3ccccc23)C(=O)N[C@@H](CCC(N)=O)C(=O)N1)C(=O)N[C@@H](CC(N)=O)C(=O)NCC(N)=O,True,False,True,False,***,****,150,90,,,,,,,,,,,,,,,,
908,COc1ccc(C[C@@H](NC(=O)[C@@H](Cc2ccc(OCCN)cc2)NC(=O)[C@@H]2CSCC[C@H](NC(C)=O)C(=O)N[C@@H](CCC(N)=O)C(=O)N[C@@H]([C@@H](C)O)C(=O)N[C@@H](Cc3c[nH]c4ccccc34)C(=O)N[C@@H](CCC(N)=O)C(=O)N2)C(=O)N[C@](C)(CCCCN)C(=O)N[C@@H](CCCCNC(C)=O)C(=O)N[C@@H](CC(N)=O)C(=O)NCC(N)=O)cc1OC,True,False,True,False,****,*****,90,30,,,,,,,,,,,,,,,,
907,CC(=O)NCCCC[C@H](NC(=O)[C@@](C)(CCCCN)NC(=O)[C@@H](Cc1ccc(CN)cc1)NC(=O)[C@@H](Cc1ccc(OCCN)cc1)NC(=O)[C@@H]1CSCC[C@H](NC(C)=O)C(=O)N[C@@H](CCC(N)=O)C(=O)N[C@@H]([C@@H](C)O)C(=O)N[C@@H](Cc2c[nH]c3ccccc23)C(=O)N[C@@H](CCC(N)=O)C(=O)N1)C(=O)N[C@@H](CC(N)=O)C(=O)NCC(N)=O,True,False,True,False,**,**,270,270,,,,,,,,,,,,,,,,
906,CC(=O)NCCCC[C@@](C)(NC(=O)[C@H](Cc1ccc2ccccc2c1)NC(=O)[C@@H](Cc1ccc(OCCNC(C)=O)cc1)NC(=O)[C@@H]1CSCC[C@H](NC(C)=O)C(=O)N[C@@H](CCC(N)=O)C(=O)N[C@@H]([C@@H](C)O)C(=O)N[C@@H](Cc2c[nH]c3ccccc23)C(=O)N[C@@H](CCC(N)=O)C(=O)N1)C(=O)N[C@@H](CCC(=O)O)C(=O)N[C@@H](CC(N)=O)C(=O)NCC(N)=O,True,False,True,False,**,**,270,270,,,,,,,,,,,,,,,,
905,CC(=O)NCCCC[C@H](NC(=O)[C@H](NC(=O)[C@H](Cc1c[nH]c2ccccc12)NC(=O)[C@@H](Cc1ccc(OCCN)cc1)NC(=O)[C@@H]1CSCC[C@H](NC(C)=O)C(=O)N[C@@H](CCC(N)=O)C(=O)N[C@@H]([C@@H](C)O)C(=O)N[C@@H](Cc2c[nH]c3ccccc23)C(=O)N[C@@H](CCC(N)=O)C(=O)N1)C1CCCCC1)C(=O)N[C@@H](CC(N)=O)C(=O)NCC(N)=O,True,False,True,False,**,**,270,270,,,,,,,,,,,,,,,,
899,CC(=O)N[C@H]1CCSC[C@@H](C(=O)N[C@H](Cc2ccc(OCCN)cc2)C(=O)N[C@@H](Cc2c[nH]c3ccccc23)C(=O)N[C@@H](CCC(C)C)C(=O)N[C@@H](CCC(=O)O)C(=O)N[C@@H](CC(N)=O)C(=O)NCC(N)=O)NC(=O)[C@H](CCC(N)=O)NC(=O)[C@H](Cc2c[nH]c3ccccc23)NC(=O)[C@H]([C@@H](C)O)NC(=O)[C@H](CCC(N)=O)NC1=O,True,False,True,False,****,*****,90,30,,,,,,,,,,,,,,,,
896,CC(=O)NC[C@H](NC(=O)[C@H](CCCN)NC(=O)[C@H](Cc1c[nH]c2ccccc12)NC(=O)[C@@H](Cc1ccc(OCCN)cc1)NC(=O)[C@@H]1CSCC[C@H](NC(C)=O)C(=O)N[C@@H](CCC(N)=O)C(=O)N[C@@H]([C@@H](C)O)C(=O)N[C@@H](Cc2c[nH]c3ccccc23)C(=O)N[C@@H](CCC(N)=O)C(=O)N1)C(=O)N[C@@H](CC(N)=O)C(=O)NCC(N)=O,True,False,True,False,*,**,420,270,,,,,,,,,,,,,,,,
895,CC(=O)N[C@H]1CCSC[C@@H](C(=O)N[C@H](Cc2ccc(OCCN)cc2)C(=O)N[C@@H](Cc2c[nH]c3ccccc23)C(=O)N[C@@H](CCCN)C(=O)N[C@@H](CN)C(=O)N[C@@H](CC(N)=O)C(=O)NCC(N)=O)NC(=O)[C@H](CCC(N)=O)NC(=O)[C@H](Cc2c[nH]c3ccccc23)NC(=O)[C@H]([C@@H](C)O)NC(=O)[C@H](CCC(N)=O)NC1=O,True,False,True,False,*,**,420,270,,,,,,,,,,,,,,,,
894,CC(=O)N[C@H]1CCSC[C@@H](C(=O)N[C@H](Cc2ccc(OCCN)cc2)C(=O)N[C@@H](Cc2c[nH]c3ccccc23)C(=O)N[C@@H](CCCN)C(=O)N[C@@H](CCC(=O)O)C(=O)N[C@@H](CC(N)=O)C(=O)NCC(N)=O)NC(=O)[C@H](CCC(N)=O)NC(=O)[C@H](Cc2c[nH]c3ccccc23)NC(=O)[C@H]([C@@H](C)O)NC(=O)[C@H](CCC(N)=O)NC1=O,True,False,True,False,**,*****,270,30,,,,,,,,,,,,,,,,
893,CC(=O)NCCCC[C@H](NC(=O)[C@H](CCCN)NC(=O)[C@H](Cc1ccc2ccccc2c1)NC(=O)[C@@H](Cc1ccc(OCCN)cc1)NC(=O)[C@@H]1CSCC[C@H](NC(C)=O)C(=O)N[C@@H](CCC(N)=O)C(=O)N[C@@H]([C@@H](C)O)C(=O)N[C@@H](Cc2c[nH]c3ccccc23)C(=O)N[C@@H](CCC(N)=O)C(=O)N1)C(=O)N[C@@H](CC(N)=O)C(=O)NCC(N)=O,True,False,True,False,*****,*****,30,30,,,,,,,,,,,,,,,,
892,CC(=O)NCCCC[C@H](NC(=O)[C@@](C)(CCCCN)NC(=O)[C@H](Cc1ccc2ccccc2c1)NC(=O)[C@@H](Cc1ccc(OCCN)cc1)NC(=O)[C@@H]1CSCC[C@H](NC(C)=O)C(=O)N[C@@H](CCC(N)=O)C(=O)N[C@@H]([C@@H](C)O)C(=O)N[C@@H](Cc2c[nH]c3ccccc23)C(=O)N[C@@H](CCC(N)=O)C(=O)N1)C(=O)N[C@@H](CC(N)=O)C(=O)NCC(N)=O,True,False,True,False,*****,,30,-1,,,,,,,,,,,,,,,,
891,CC(=O)NCCCC[C@H](NC(=O)[C@@](C)(CCCN)NC(=O)[C@H](Cc1ccc2ccccc2c1)NC(=O)[C@@H](Cc1ccc(OCCN)cc1)NC(=O)[C@@H]1CSCC[C@H](NC(C)=O)C(=O)N[C@@H](CCC(N)=O)C(=O)N[C@@H]([C@@H](C)O)C(=O)N[C@@H](Cc2c[nH]c3ccccc23)C(=O)N[C@@H](CCC(N)=O)C(=O)N1)C(=O)N[C@@H](CC(N)=O)C(=O)NCC(N)=O,True,False,True,False,*****,,30,-1,,,,,,,,,,,,,,,,
890,CC(=O)NCCCC[C@H](NC(=O)[C@@](C)(CCCN)NC(=O)[C@H](Cc1c[nH]c2ccccc12)NC(=O)[C@@H](Cc1ccc(OCCN)cc1)NC(=O)[C@@H]1CSCC[C@H](NC(C)=O)C(=O)N[C@@H](CCC(N)=O)C(=O)N[C@@H]([C@@H](C)O)C(=O)N[C@@H](Cc2c[nH]c3ccccc23)C(=O)N[C@@H](CCC(N)=O)C(=O)N1)C(=O)N[C@@H](CC(N)=O)C(=O)NCC(N)=O,True,False,True,False,*****,,30,-1,,,,,,,,,,,,,,,,
889,CC(=O)NCCCC[C@H](NC(=O)[C@@](C)(CCCCN)NC(=O)[C@H](Cc1c[nH]c2ccccc12)NC(=O)[C@@H](Cc1ccc(OCCN)cc1)NC(=O)[C@@H]1CSCC[C@H](NC(C)=O)C(=O)N[C@@H](CCC(N)=O)C(=O)N[C@@H]([C@@H](C)O)C(=O)N[C@@H](Cc2c[nH]c3ccccc23)C(=O)N[C@@H](CCC(N)=O)C(=O)N1)C(=O)N[C@@H](CC(N)=O)C(=O)NCC(N)=O,True,False,True,False,*****,,30,-1,,,,,,,,,,,,,,,,
888,CC(=O)N[C@H]1CCSC[C@@H](C(=O)N[C@H](Cc2ccc(OCCN)cc2)C(=O)N[C@@H](Cc2c[nH]c3ccccc23)C(=O)N[C@](C)(CCCN)C(=O)N[C@@H](CCC(=O)O)C(=O)N[C@@H](CC(N)=O)C(=O)NCC(N)=O)NC(=O)[C@H](CCC(N)=O)NC(=O)[C@H](Cc2c[nH]c3ccccc23)NC(=O)[C@H]([C@@H](C)O)NC(=O)[C@H](CCC(N)=O)NC1=O,True,False,True,False,*****,,30,-1,,,,,,,,,,,,,,,,
887,CC(=O)NCCCC[C@H](NC(=O)[C@@](C)(CCCCN)NC(=O)[C@H](CCC(=O)OCc1ccccc1)NC(=O)[C@@H](Cc1ccc(OCCN)cc1)NC(=O)[C@@H]1CSCC[C@H](NC(C)=O)C(=O)N[C@@H](CN)C(=O)N[C@@H]([C@@H](C)O)C(=O)N[C@@H](Cc2c[nH]c3ccccc23)C(=O)N[C@@H](CCC(N)=O)C(=O)N1)C(=O)N[C@@H](CC(N)=O)C(=O)NCC(N)=O,True,False,True,False,*****,,30,-1,,,,,,,,,,,,,,,,
886,CC(=O)NCCCC[C@H](NC(=O)[C@@](C)(CCCCN)NC(=O)[C@H](CCc1ccccc1)NC(=O)[C@@H](Cc1ccc(OCCN)cc1)NC(=O)[C@@H]1CSCC[C@H](NC(C)=O)C(=O)N[C@@H](CN)C(=O)N[C@@H]([C@@H](C)O)C(=O)N[C@@H](Cc2c[nH]c3ccccc23)C(=O)N[C@@H](CCC(N)=O)C(=O)N1)C(=O)N[C@@H](CC(N)=O)C(=O)NCC(N)=O,True,False,True,False,*,*,420,420,,,,,,,,,,,,,,,,
885,CC(=O)NCCCC[C@H](NC(=O)[C@@](C)(CCCCN)NC(=O)[C@@H](Cc1ccc(OCCN)cc1)NC(=O)[C@@H]1CSCC[C@H](NC(C)=O)C(=O)N[C@@H](CCC(N)=O)C(=O)N[C@@H]([C@@H](C)O)C(=O)N[C@@H](Cc2c[nH]c3ccccc23)C(=O)N[C@@H](CCC(N)=O)C(=O)N1)C(=O)N[C@@H](CC(N)=O)C(=O)NCC(N)=O,True,False,True,False,**,**,270,270,,,,,,,,,,,,,,,,
874,CC(=O)NCCCC[C@H](NC(=O)[C@@](C)(CCCCN)NC(=O)[C@H](Cc1ccc2ccccc2c1)NC(=O)[C@@H](Cc1ccc(OCCN)cc1)NC(=O)[C@@H]1CSCC[C@H](NC(C)=O)C(=O)N[C@@H](CCC(N)=O)C(=O)N[C@@H]([C@@H](C)O)C(=O)N[C@@H](Cc2c[nH]c3ccccc23)C(=O)N[C@@H](CCC(N)=O)C(=O)N1)C(=O)N[C@@H](CC(N)=O)C(=O)NCC(=O)N[C@H](CCCCN)C(N)=O,True,False,True,False,****,*****,90,30,,,,,,,,,,,,,,,,
873,CC(=O)NCCCC[C@H](NC(=O)[C@@](C)(CCCCN)NC(=O)[C@H](Cc1ccc2ccccc2c1)NC(=O)[C@@H](Cc1ccc(OCCN)cc1)NC(=O)[C@@H]1CSCC[C@H](NC(C)=O)C(=O)N[C@@H](CCC(N)=O)C(=O)N[C@@H]([C@@H](C)O)C(=O)N[C@@H](Cc2c[nH]c3ccccc23)C(=O)N[C@@H](CCC(N)=O)C(=O)N1)C(=O)N[C@@H](CC(N)=O)C(=O)NCC(=O)NCCOCC(=O)N[C@H](CCCCN)C(N)=O,True,False,True,False,*,*,420,420,,,,,,,,,,,,,,,,
868,CC(=O)N[C@H]1CCSC[C@@H](C(=O)N[C@H](Cc2ccc(OCCN)cc2)C(=O)N[C@@H](Cc2ccc3ccccc3c2)C(=O)N[C@](C)(CCCCN)C(=O)N[C@@H](CNC(=O)[C@@H]2CCC(=O)N2)C(=O)N[C@@H](CC(N)=O)C(=O)NCC(N)=O)NC(=O)[C@H](CCC(N)=O)NC(=O)[C@H](Cc2c[nH]c3ccccc23)NC(=O)[C@H]([C@@H](C)O)NC(=O)[C@H](CCC(N)=O)NC1=O,True,False,True,False,*****,***,30,150,,,,,,,,,,,,,,,,
867,CC(=O)N[C@H]1CCSC[C@@H](C(=O)N[C@H](Cc2ccc(OCCN)cc2)C(=O)N[C@@H](Cc2ccc3ccccc3c2)C(=O)N[C@](C)(CCCCN)C(=O)N[C@@H](CNC(=O)CCCC(=O)O)C(=O)N[C@@H](CC(N)=O)C(=O)NCC(N)=O)NC(=O)[C@H](CCC(N)=O)NC(=O)[C@H](Cc2c[nH]c3ccccc23)NC(=O)[C@H]([C@@H](C)O)NC(=O)[C@H](CCC(N)=O)NC1=O,True,False,True,False,***,**,150,270,,,,,,,,,,,,,,,,
866,CC(=O)N[C@H]1CCSC[C@@H](C(=O)N[C@H](Cc2ccc(OCCN)cc2)C(=O)N[C@@H](Cc2ccc3ccccc3c2)C(=O)N[C@](C)(CCCCN)C(=O)N[C@@H](CNC(=O)CCC(=O)O)C(=O)N[C@@H](CC(N)=O)C(=O)NCC(N)=O)NC(=O)[C@H](CCC(N)=O)NC(=O)[C@H](Cc2c[nH]c3ccccc23)NC(=O)[C@H]([C@@H](C)O)NC(=O)[C@H](CCC(N)=O)NC1=O,True,False,True,False,***,*****,150,30,,,,,,,,,,,,,,,,
855,CC(=O)N[C@H]1CCSC[C@@H](C(=O)N[C@H](Cc2ccc(OCCN)cc2)C(=O)N[C@@H](Cc2ccc3ccccc3c2)C(=O)N[C@](C)(CCCCN)C(=O)N[C@@H](CC(=O)O)C(=O)N[C@@H](CC(N)=O)C(=O)NCC(N)=O)NC(=O)[C@H](CCC(N)=O)NC(=O)[C@H](Cc2c[nH]c3ccccc23)NC(=O)[C@H]([C@@H](C)O)NC(=O)[C@H](CCC(N)=O)NC1=O,True,False,True,False,*,*,420,420,,,,,,,,,,,,,,,,
851,CC(=O)N[C@H]1CCSC[C@@H](C(=O)N[C@H](Cc2ccc(OCCN)cc2)C(=O)N[C@@H](Cc2ccc3ccccc3c2)C(=O)N[C@](C)(CCCCN)C(=O)N[C@@H](CCC(=O)O)C(=O)N[C@@H](CC(N)=O)C(=O)NCC(N)=O)NC(=O)[C@H](CCC(N)=O)NC(=O)[C@](C)(Cc2ccccc2)NC(=O)[C@H]([C@@H](C)O)NC(=O)[C@H](CCC(N)=O)NC1=O,True,False,True,False,**,*,270,420,,,,,,,,,,,,,,,,
823,CCCCCCCC[C@H](NC(=O)[C@H](Cc1ccc(OC)cc1)NC(=O)[C@@H]1CSCC[C@H](NC(C)=O)C(=O)N[C@@H](CCC(N)=O)C(=O)N[C@@H]([C@@H](C)O)C(=O)N[C@@H](Cc2c[nH]c3ccccc23)C(=O)N[C@@H](CCC(N)=O)C(=O)N1)C(=O)N[C@](C)(CCCCN)C(=O)N[C@@H](CCCCNC(C)=O)C(=O)N[C@@H](CC(N)=O)C(=O)NCC(N)=O,True,False,True,False,*,*,420,420,,,,,,,,,,,,,,,,
817,COc1ccc(C[C@H](NC(=O)[C@@H]2CSCC[C@H](NC(C)=O)C(=O)N[C@@H](CC(N)=O)C(=O)N[C@@H]([C@@H](C)O)C(=O)N[C@@H](Cc3c[nH]c4ccccc34)C(=O)N[C@@H](CCC(N)=O)C(=O)N2)C(=O)N[C@@H](Cc2ccc3ccccc3c2)C(=O)N[C@](C)(CCCCN)C(=O)N[C@@H](CCCCNC(C)=O)C(=O)N[C@@H](CC(N)=O)C(=O)NCC(N)=O)cc1,True,False,True,False,*****,,30,-1,,,,,,,,,,,,,,,,
816,COc1ccc(C[C@H](NC(=O)[C@@H]2CSCC[C@H](NC(C)=O)C(=O)N[C@@H](CCC(N)=O)C(=O)N[C@@H]([C@@H](C)O)C(=O)N[C@@H](Cc3c[nH]c4ccccc34)C(=O)N[C@@H](CCC(N)=O)C(=O)N2)C(=O)N[C@@H](Cc2ccc3ccccc3c2)C(=O)N[C@@H](CCCN)C(=O)N[C@@H](CN)C(=O)N[C@@H](CC(N)=O)C(=O)NCC(N)=O)cc1,True,False,True,False,*****,,30,-1,,,,,,,,,,,,,,,,
814,COc1ccc(C[C@H](NC(=O)[C@@H]2CSCC[C@H](NC(C)=O)C(=O)N[C@@H](CCC(N)=O)C(=O)N[C@@H]([C@@H](C)O)C(=O)N[C@@H](Cc3c[nH]c4ccccc34)C(=O)N[C@@H](CCC(N)=O)C(=O)N2)C(=O)N[C@@H](Cc2ccc3ccccc3c2)C(=O)N[C@](C)(CCCCN)C(=O)N[C@H](C(=O)N[C@@H](CC(N)=O)C(=O)NCC(N)=O)C(C)C)cc1,True,False,True,False,*,**,420,270,,,,,,,,,,,,,,,,
809,COc1ccc(C[C@H](NC(=O)[C@@H]2CSCC[C@H](NC(C)=O)C(=O)N[C@@H](CCC(N)=O)C(=O)N[C@@H]([C@@H](C)O)C(=O)N[C@@H](Cc3c[nH]c4ccccc34)C(=O)N[C@@H](CCC(N)=O)C(=O)N2)C(=O)N[C@@H](Cc2ccc3ccccc3c2)C(=O)N[C@](C)(CCCCN)C(=O)N[C@@H](CCCCNC(C)=O)C(=O)N[C@@H](CC(N)=O)C(=O)N[C@@H](C)C(N)=O)cc1,True,False,True,False,*,,420,-1,,,,,,,,,,,,,,,,
804,COc1ccc(C[C@H](NC(=O)[C@@H]2CSCC[C@H](NC(C)=O)C(=O)N[C@@H](CCC(N)=O)C(=O)N[C@@H]([C@@H](C)O)C(=O)N[C@@H](Cc3c[nH]c4ccccc34)C(=O)N[C@@H](CCC(N)=O)C(=O)N2)C(=O)N[C@@H](Cc2ccc3ccccc3c2)C(=O)N[C@](C)(CCCCN)C(=O)N[C@@H](CCCCNC(C)=O)C(=O)N[C@@H](CC(N)=O)C(=O)NCC(=O)N[C@@H](C)C(=O)N[C@@H](CCC(=O)O)C(N)=O)cc1,True,False,True,False,*,,420,-1,,,,,,,,,,,,,,,,
792,CC(=O)NCCCC[C@H](NC(=O)[C@@](C)(CCCCN)NC(=O)[C@H](Cc1ccc2ccccc2c1)NC(=O)[C@H](Cc1ccc(-c2ccccc2)cc1)NC(=O)[C@@H]1CSCC[C@H](NC(C)=O)C(=O)N[C@@H](CCC(N)=O)C(=O)N[C@@H]([C@@H](C)O)C(=O)N[C@@H](Cc2c[nH]c3ccccc23)C(=O)N[C@@H](CCC(N)=O)C(=O)N1)C(=O)N[C@@H](CC(N)=O)C(=O)NCC(N)=O,True,False,True,False,**,,270,-1,,,,,,,,,,,,,,,,
791,CC(=O)NCCCC[C@H](NC(=O)[C@@](C)(CCCN)NC(=O)[C@H](Cc1ccc2ccccc2c1)NC(=O)[C@H](Cc1ccc2ccccc2c1)NC(=O)[C@@H]1CSCC[C@H](NC(C)=O)C(=O)N[C@@H](CCC(N)=O)C(=O)N[C@@H]([C@@H](C)O)C(=O)N[C@@H](Cc2c[nH]c3ccccc23)C(=O)N[C@@H](CCC(N)=O)C(=O)N1)C(=O)N[C@@H](CC(N)=O)C(=O)NCC(N)=O,True,False,True,False,****,*****,90,30,,,,,,,,,,,,,,,,
788,COc1ccc(C[C@H](NC(=O)[C@@H]2CSCC[C@H](NC(C)=O)C(=O)N[C@@H](CCC(N)=O)C(=O)N[C@@H]([C@@H](C)O)C(=O)N[C@@H](Cc3c[nH]c4ccccc34)C(=O)N[C@@H](CCC(N)=O)C(=O)N2)C(=O)N[C@@H](Cc2ccc(C)cc2)C(=O)N[C@](C)(CCCCN)C(=O)N[C@@H](CCC(=O)O)C(=O)N[C@@H](CC(N)=O)C(=O)NCC(N)=O)cc1,True,False,True,False,**,,270,-1,,,,,,,,,,,,,,,,
785,CC(=O)N[C@H]1CCSC[C@@H](C(=O)N[C@@H](Cc2ccc(C#N)cc2)C(=O)N[C@@H](Cc2c[nH]c3ccccc23)C(=O)N[C@](C)(CCCCN)C(=O)N[C@@H](CCC(=O)O)C(=O)N[C@@H](CC(N)=O)C(=O)NCC(N)=O)NC(=O)[C@H](CCC(N)=O)NC(=O)[C@H](Cc2c[nH]c3ccccc23)NC(=O)[C@H]([C@@H](C)O)NC(=O)[C@H](CCC(N)=O)NC1=O,True,False,True,False,***,,150,-1,,,,,,,,,,,,,,,,
784,CC(=O)N[C@H]1CCSC[C@@H](C(=O)N[C@@H](Cc2ccc(Oc3ccccc3)cc2)C(=O)N[C@@H](Cc2c[nH]c3ccccc23)C(=O)N[C@](C)(CCCCN)C(=O)N[C@@H](CCC(=O)O)C(=O)N[C@@H](CC(N)=O)C(=O)NCC(N)=O)NC(=O)[C@H](CCC(N)=O)NC(=O)[C@H](Cc2c[nH]c3ccccc23)NC(=O)[C@H]([C@@H](C)O)NC(=O)[C@H](CCC(N)=O)NC1=O,True,False,True,False,***,*****,150,30,,,,,,,,,,,,,,,,
726,COc1ccc(C[C@H](NC(=O)[C@@H]2CSCC[C@H](NC(C)=O)C(=O)N[C@@H](CCC(N)=O)C(=O)N[C@@H]([C@@H](C)O)C(=O)N[C@@H](Cc3c[nH]c4ccccc34)C(=O)N[C@@H](CCC(N)=O)C(=O)N2)C(=O)N[C@H](Cc2ccc(C(C)(C)C)cc2)C(=O)N[C@](C)(CCCCN)C(=O)N[C@@H](CCC(=O)O)C(=O)N[C@@H](CC(N)=O)C(=O)NCC(N)=O)cc1,True,False,True,False,*,***,420,150,,,,,,,,,,,,,,,,
715,CC(=O)NCCCC[C@H](NC(=O)[C@@](C)(CCCCN)NC(=O)[C@H](Cc1ccc2ccccc2c1)NC(=O)[C@H](Cc1ccc(Oc2ccccc2)cc1)NC(=O)[C@@H]1CSCC[C@H](NC(C)=O)C(=O)N[C@@H](CCC(N)=O)C(=O)N[C@@H]([C@@H](C)O)C(=O)N[C@@H](Cc2c[nH]c3ccccc23)C(=O)N[C@@H](CCC(N)=O)C(=O)N1)C(=O)N[C@@H](CC(N)=O)C(=O)NCC(N)=O,True,False,True,False,**,***,270,150,,,,,,,,,,,,,,,,
714,COc1ccc(C[C@H](NC(=O)[C@@H]2CSCC[C@H](NC(C)=O)C(=O)N[C@@H](CCC(N)=O)C(=O)N[C@@H]([C@@H](C)O)C(=O)N[C@@H](Cc3c[nH]c4ccccc34)C(=O)N[C@@H](CCC(N)=O)C(=O)N2)C(=O)N[C@@H](Cc2ccc3ccccc3c2)C(=O)N[C@H](CC(N)=O)C(=O)N[C@@H](CCCCNC(C)=O)C(=O)N[C@@H](CC(N)=O)C(=O)NCC(N)=O)cc1,True,False,True,False,**,***,270,150,,,,,,,,,,,,,,,,
713,CC(=O)NCCCC[C@H](NC(=O)[C@@](C)(CCCN)NC(=O)[C@H](Cc1c[nH]c2ccccc12)NC(=O)[C@H](Cc1ccc(O)cc1)NC(=O)[C@@H]1CSCC[C@H](NC(C)=O)C(=O)N[C@@H](CCC(N)=O)C(=O)N[C@@H]([C@@H](C)O)C(=O)N[C@@H](Cc2c[nH]c3ccccc23)C(=O)N[C@@H](CCC(N)=O)C(=O)N1)C(=O)N[C@@H](CC(N)=O)C(=O)NCC(N)=O,True,False,True,False,***,,150,-1,,,,,,,,,,,,,,,,
712,COc1ccc(C[C@H](NC(=O)[C@@H]2CSCC[C@H](NC(C)=O)C(=O)N[C@@H](CCC(N)=O)C(=O)N[C@@H]([C@@H](C)O)C(=O)N[C@@H](Cc3c[nH]c4ccccc34)C(=O)N[C@@H](CCC(N)=O)C(=O)N2)C(=O)N[C@@H](Cc2ccc3ccccc3c2)C(=O)N[C@](C)(CCCCN)C(=O)N[C@@H](CCCCNC(C)=O)C(=O)N[C@@H](CC(N)=O)C(=O)NCC(N)=O)cc1,True,False,True,False,***,*****,150,30,,,,,,,,,,,,,,,,
711,COc1ccc(C[C@H](NC(=O)[C@@H]2CSCC[C@H](NC(C)=O)C(=O)N[C@@H](CCC(N)=O)C(=O)N[C@@H]([C@@H](C)O)C(=O)N[C@@H](Cc3c[nH]c4ccccc34)C(=O)N[C@@H](CCC(N)=O)C(=O)N2)C(=O)N[C@@H](Cc2cccc3ccccc23)C(=O)N[C@](C)(CCCCN)C(=O)N[C@@H](CCCCNC(C)=O)C(=O)N[C@@H](CC(N)=O)C(=O)NCC(N)=O)cc1,True,False,True,False,*,,420,-1,,,,,,,,,,,,,,,,
710,COc1ccc(C[C@H](NC(=O)[C@@H]2CSCC[C@H](NC(C)=O)C(=O)N[C@@H](CCC(N)=O)C(=O)N[C@@H]([C@@H](C)O)C(=O)N[C@@H](Cc3c[nH]c4ccccc34)C(=O)N[C@@H](CCC(N)=O)C(=O)N2)C(=O)N[C@@H](Cc2c[nH]c3ccccc23)C(=O)N[C@](C)(CCCCN)C(=O)N[C@@H](CCC(=O)O)C(=O)N[C@@H](CC(N)=O)C(=O)NCC(N)=O)cc1,True,False,True,False,**,,270,-1,,,,,,,,,,,,,,,,
709,COc1ccc(C[C@H](NC(=O)[C@@H]2CSCC[C@H](NC(C)=O)C(=O)N[C@@H](CCC(N)=O)C(=O)N[C@@H]([C@@H](C)O)C(=O)N[C@@H](Cc3c[nH]c4ccccc34)C(=O)N[C@@H](CCC(N)=O)C(=O)N2)C(=O)N[C@@H](Cc2c[nH]c3ccccc23)C(=O)N[C@](C)(CCCCN)C(=O)N[C@@H](CCCCNC(C)=O)C(=O)N[C@@H](CC(N)=O)C(=O)NCC(N)=O)cc1,True,False,True,False,*,,420,-1,,,,,,,,,,,,,,,,
708,COc1ccc(C[C@H](NC(=O)[C@@H]2CSCC[C@H](NC(C)=O)C(=O)N[C@@H](CCC(N)=O)C(=O)N[C@@H]([C@@H](C)O)C(=O)N[C@@H](Cc3c[nH]c4ccccc34)C(=O)N[C@@H](CCC(N)=O)C(=O)N2)C(=O)N[C@@H](Cc2ccc3ccccc3c2)C(=O)N[C@](C)(CCCCN)C(=O)N[C@@H](CCC(=O)O)C(=O)N[C@@H](CC(N)=O)C(=O)NCC(N)=O)cc1,True,False,True,False,*,,420,-1,,,,,,,,,,,,,,,,
707,COc1ccc(C[C@H](NC(=O)[C@@H]2CSCC[C@H](NC(C)=O)C(=O)N[C@@H](CCC(N)=O)C(=O)N[C@@H]([C@@H](C)O)C(=O)N[C@@H](Cc3c[nH]c4ccccc34)C(=O)N[C@@H](CCC(N)=O)C(=O)N2)C(=O)N[C@@H](Cc2c[nH]c3ccccc23)C(=O)N[C@](C)(CCCN)C(=O)N[C@@H](CCC(=O)O)C(=O)N[C@@H](CC(N)=O)C(=O)NCC(N)=O)cc1,True,False,True,False,**,,270,-1,,,,,,,,,,,,,,,,
706,COc1ccc(C[C@H](NC(=O)[C@@H]2CSCC[C@H](NC(C)=O)C(=O)N[C@@H](CCC(N)=O)C(=O)N[C@@H]([C@@H](C)O)C(=O)N[C@@H](Cc3c[nH]c4ccccc34)C(=O)N[C@@H](CCC(N)=O)C(=O)N2)C(=O)N[C@@H](Cc2ccc3ccccc3c2)C(=O)N[C@](C)(CCCN)C(=O)N[C@@H](CCC(=O)O)C(=O)N[C@@H](CC(N)=O)C(=O)NCC(N)=O)cc1,True,False,True,False,**,*****,270,30,,,,,,,,,,,,,,,,
705,COc1ccc(C[C@H](NC(=O)[C@@H]2CSCC[C@H](NC(C)=O)C(=O)N[C@@H](CCC(N)=O)C(=O)N[C@@H]([C@@H](C)O)C(=O)N[C@@H](Cc3c[nH]c4ccccc34)C(=O)N[C@@H](CCC(N)=O)C(=O)N2)C(=O)N[C@@H](Cc2ccc3ccccc3c2)C(=O)N[C@](C)(CCCCN)C(=O)N[C@@H](CCC(=O)O)C(=O)N[C@@H](CC(N)=O)C(=O)NCC(N)=O)cc1,True,False,True,False,*,*****,420,30,,,,,,,,,,,,,,,,
704,CC(=O)N[C@H]1CCSC[C@@H](C(=O)N[C@@H](Cc2ccc(O)cc2)C(=O)N[C@@H](Cc2ccc3ccccc3c2)C(=O)N[C@](C)(CCCCN)C(=O)N[C@@H](CCC(=O)O)C(=O)N[C@@H](CC(N)=O)C(=O)NCC(N)=O)NC(=O)[C@H](CCC(N)=O)NC(=O)[C@H](Cc2c[nH]c3ccccc23)NC(=O)[C@H]([C@@H](C)O)NC(=O)[C@H](CCC(N)=O)NC1=O,True,False,True,False,*,*****,420,30,,,,,,,,,,,,,,,,
703,CC(=O)N[C@H]1CCSC[C@@H](C(=O)N[C@@H](Cc2ccc(O)cc2)C(=O)N[C@@H](Cc2c[nH]c3ccccc23)C(=O)N[C@](C)(CC(C)C)C(=O)N[C@@H](CCC(=O)O)C(=O)N[C@@H](CC(N)=O)C(=O)NCC(N)=O)NC(=O)[C@H](CCC(N)=O)NC(=O)[C@H](Cc2c[nH]c3ccccc23)NC(=O)[C@H]([C@@H](C)O)NC(=O)[C@H](CCC(N)=O)NC1=O,True,False,True,False,*,*****,420,30,,,,,,,,,,,,,,,,
701,CC(=O)N[C@H]1CCSC(C)(C)[C@@H](C(=O)N[C@@H](Cc2ccc(O)cc2)C(=O)N[C@@H](Cc2c[nH]c3ccccc23)C(=O)N[C@@H](CCC(C)C)C(=O)N[C@@H](CCC(=O)O)C(=O)N[C@@H](CC(N)=O)C(=O)NCC(N)=O)NC(=O)[C@H](CCC(N)=O)NC(=O)[C@H](Cc2c[nH]c3ccccc23)NC(=O)[C@H]([C@@H](C)O)NC(=O)[C@H](CCC(N)=O)NC1=O,True,False,True,False,**,*****,270,30,,,,,,,,,,,,,,,,
700,CC(=O)N[C@H]1CCSC[C@H](C(=O)N[C@@H](Cc2ccc(O)cc2)C(=O)N[C@@H](Cc2c[nH]c3ccccc23)C(=O)N[C@@H](CCC(C)C)C(=O)N[C@@H](CCC(=O)O)C(=O)N[C@@H](CC(N)=O)C(=O)NCC(N)=O)NC(=O)[C@H](CCC(N)=O)NC(=O)[C@H](Cc2c[nH]c3ccccc23)NC(=O)[C@H]([C@@H](C)O)NC(=O)[C@H](CCC(N)=O)NC1=O,True,False,True,False,***,*****,150,30,,,,,,,,,,,,,,,,
698,CC(=O)N[C@H]1CCSC[C@@H](C(=O)N[C@@H](Cc2ccc(O)cc2)C(=O)N[C@@H](Cc2c[nH]c3ccccc23)C(=O)N[C@@H](CCCN)C(=O)N[C@@H](CN)C(=O)N[C@@H](CC(N)=O)C(=O)NCC(=O)NCCOCC(=O)N[C@H](CCCCN)C(N)=O)NC(=O)[C@H](CCC(N)=O)NC(=O)[C@H](Cc2c[nH]c3ccccc23)NC(=O)[C@H]([C@@H](C)O)NC(=O)[C@H](CCC(N)=O)NC1=O,True,False,True,False,*****,,30,-1,,,,,,,,,,,,,,,,
697,CC(=O)N[C@@H]1CSCC[C@@H](C(=O)N[C@@H](Cc2ccc(O)cc2)C(=O)N[C@@H](Cc2c[nH]c3ccccc23)C(=O)N[C@@H](CCCNC(=N)N)C(=O)N[C@@H](CCCCN)C(=O)N[C@@H](Cc2ccccc2)C(=O)NCC(=O)NCCOCC(=O)N[C@H](CCCCN)C(N)=O)NC(=O)[C@H](CCC(N)=O)NC(=O)[C@H](Cc2c[nH]c3ccccc23)NC(=O)[C@H]([C@@H](C)O)NC(=O)[C@H](CCCNC(=N)N)NC1=O,True,False,True,False,*****,,30,-1,,,,,,,,,,,,,,,,
696,CC(=O)N[C@@H]1C(=O)N[C@@H](CCCNC(=N)N)C(=O)N[C@@H]([C@@H](C)O)C(=O)N[C@@H](Cc2c[nH]c3ccccc23)C(=O)N[C@@H](CCC(N)=O)C(=O)N[C@H](C(=O)N[C@@H](Cc2ccc(O)cc2)C(=O)N[C@@H](Cc2c[nH]c3ccccc23)C(=O)N[C@@H](CCCNC(=N)N)C(=O)N[C@@H](CCCCN)C(=O)N[C@@H](Cc2ccccc2)C(=O)NCC(=O)NCCOCC(=O)N[C@H](CCCCN)C(N)=O)CCSC1(C)C,True,False,True,False,***,*****,150,30,,,,,,,,,,,,,,,,
695,CC(=O)N[C@H]1CCSC(C)(C)[C@@H](C(=O)N[C@@H](Cc2ccc(O)cc2)C(=O)N[C@@H](Cc2c[nH]c3ccccc23)C(=O)N[C@@H](CCCNC(=N)N)C(=O)N[C@@H](CCCCN)C(=O)N[C@@H](Cc2ccccc2)C(=O)NCC(=O)NCCOCC(=O)N[C@H](CCCCN)C(N)=O)NC(=O)[C@H](CCC(N)=O)NC(=O)[C@H](Cc2c[nH]c3ccccc23)NC(=O)[C@H]([C@@H](C)O)NC(=O)[C@H](CCCNC(=N)N)NC1=O,True,False,True,False,*****,,30,-1,,,,,,,,,,,,,,,,
694,CC(=O)N[C@H]1CCSC[C@@H](C(=O)N[C@@H](Cc2ccc(O)cc2)C(=O)N[C@@H](Cc2c[nH]c3ccccc23)C(=O)N[C@@H](CCCNC(=N)N)C(=O)N[C@@H](CCC(=O)O)C(=O)N[C@@H](CC(N)=O)C(=O)NCC(=O)NCCOCC(=O)N[C@H](CCCCN)C(N)=O)NC(=O)[C@H](CCC(N)=O)NC(=O)[C@H](Cc2c[nH]c3ccccc23)NC(=O)[C@H]([C@@H](C)O)NC(=O)[C@H](CCC(N)=O)NC1=O,True,False,True,False,****,,90,-1,,,,,,,,,,,,,,,,
693,CC(=O)N[C@H]1CSCC[C@@H](C(=O)N[C@@H](Cc2ccc(O)cc2)C(=O)N[C@@H](Cc2c[nH]c3ccccc23)C(=O)N[C@@H](CCCNC(=N)N)C(=O)N[C@@H](CCCCN)C(=O)N[C@@H](Cc2ccccc2)C(=O)NCC(=O)NCCOCC(=O)N[C@H](CCCCN)C(N)=O)NC(=O)[C@H](CCC(N)=O)NC(=O)[C@H](Cc2c[nH]c3ccccc23)NC(=O)[C@H]([C@@H](C)O)NC(=O)[C@H](CCCNC(=N)N)NC1=O,True,False,True,False,*****,,30,-1,,,,,,,,,,,,,,,,
673,CC(=O)NCCCC[C@H](NC(=O)C1(NC(=O)[C@H](Cc2ccc3ccccc3c2)NC(=O)[C@@H](Cc2ccc(OCCN)cc2)NC(=O)[C@H]2NC(=O)[C@H](CCC(N)=O)NC(=O)[C@H](Cc3c[nH]c4ccccc34)NC(=O)[C@H]([C@@H](C)O)NC(=O)[C@H](CC(N)=O)NC(=O)[C@@H](NC(=O)[C@@H](Cc3ccccc3)NC(C)=O)C(C)(C)SSC2(C)C)CCCCC1)C(=O)N[C@@H](CC(N)=O)C(=O)N[C@@H](CC(N)=O)C(N)=O,True,False,True,True,*****,,30,-1,,,,,,,,,,,,,,,,
671,CC(=O)NCCCC[C@H](NC(=O)C(C)(C)NC(=O)[C@H](Cc1ccc2ccccc2c1)NC(=O)[C@@H](Cc1ccc(OCCN)cc1)NC(=O)[C@H]1NC(=O)[C@H](CCC(N)=O)NC(=O)[C@H](Cc2c[nH]c3ccccc23)NC(=O)[C@H]([C@@H](C)O)NC(=O)[C@H](CC(N)=O)NC(=O)[C@@H](NC(=O)[C@@H](Cc2ccccc2)NC(C)=O)C(C)(C)SSC1(C)C)C(=O)N[C@@H](CC(N)=O)C(=O)N[C@@H](CC(N)=O)C(N)=O,True,False,True,True,*****,,30,-1,,,,,,,,,,,,,,,,
670,COc1ccc(C[C@@H](NC(=O)[C@@H](Cc2ccc(CN)cc2)NC(=O)[C@H]2NC(=O)[C@H](CCC(N)=O)NC(=O)[C@H](Cc3c[nH]c4ccccc34)NC(=O)[C@H]([C@@H](C)O)NC(=O)[C@H](CCC(N)=O)NC(=O)[C@@H](NC(C)=O)C(C)(C)SSC2(C)C)C(=O)N[C@@](C)(C(=O)N[C@@H](CCCCNC(C)=O)C(=O)N[C@@H](CC(N)=O)C(=O)N[C@@H](CC(N)=O)C(N)=O)C(C)C)cc1OC,True,False,True,True,*,**,420,270,,,,,,,,,,,,,,,,
653,COc1ccc(C[C@H](NC(=O)[C@H]2NC(=O)[C@H](CCC(N)=O)NC(=O)[C@H](Cc3c[nH]c4ccccc34)NC(=O)[C@H]([C@@H](C)O)NC(=O)[C@H](CCC(N)=O)NC(=O)[C@@H](NC(C)=O)C(C)(C)SSC2(C)C)C(=O)N[C@@H](Cc2ccc3ccccc3c2)C(=O)N[C@@](C)(C(=O)N[C@@H](CCCCNC(C)=O)C(=O)N[C@@H](CC(N)=O)C(=O)N[C@@H](CC(N)=O)C(=O)N[C@H](CCCCN)C(N)=O)C(C)C)cc1,True,False,True,True,*,**,420,270,,,,,,,,,,,,,,,,
635,COc1ccc(C[C@H](NC(=O)[C@H]2NC(=O)[C@H](CCC(N)=O)NC(=O)[C@H](Cc3c[nH]c4ccccc34)NC(=O)[C@H]([C@@H](C)O)NC(=O)[C@H](CC(N)=O)NC(=O)[C@@H](NC(C)=O)C(C)(C)SSC2(C)C)C(=O)N[C@@H](Cc2ccc3ccccc3c2)C(=O)NC(C)(C)C(=O)N[C@@H](CCCCNC(C)=O)C(=O)N[C@@H](CC(N)=O)C(=O)N[C@@H](C)C(N)=O)cc1,True,False,True,True,*****,*****,30,30,,,,,,,,,,,,,,,,
634,CC(=O)NCCCC[C@H](NC(=O)C(C)(C)NC(=O)[C@H](Cc1ccc2ccccc2c1)NC(=O)[C@@H](Cc1ccc(OCCN)cc1)NC(=O)[C@H]1NC(=O)[C@H](CCC(N)=O)NC(=O)[C@H](Cc2c[nH]c3ccccc23)NC(=O)[C@H]([C@@H](C)O)NC(=O)[C@H](CC(N)=O)NC(=O)[C@@H](NC(C)=O)C(C)(C)SSC1(C)C)C(=O)N[C@@H](CC(N)=O)C(=O)N[C@@H](CCC(N)=O)C(N)=O,True,False,True,True,*****,*****,30,30,,,,,,,,,,,,,,,,
633,COc1ccc(C[C@H](NC(=O)[C@H]2NC(=O)[C@H](CCC(N)=O)NC(=O)[C@H](Cc3c[nH]c4ccccc34)NC(=O)[C@H]([C@@H](C)O)NC(=O)[C@H](CC(N)=O)NC(=O)[C@@H](NC(C)=O)C(C)(C)SSC2(C)C)C(=O)N[C@@H](Cc2ccc3ccccc3c2)C(=O)NC(C)(C)C(=O)N[C@@H](CCCCNC(C)=O)C(=O)N[C@@H](CC(N)=O)C(=O)NCCC(N)=O)cc1,True,False,True,True,*,*,420,420,,,,,,,,,,,,,,,,
632,CC(=O)NCCCC[C@H](NC(=O)C(C)(C)NC(=O)[C@H](Cc1ccc2ccccc2c1)NC(=O)[C@@H](Cc1ccc(OCCN)cc1)NC(=O)[C@H]1NC(=O)[C@H](CCC(N)=O)NC(=O)[C@H](Cc2c[nH]c3ccccc23)NC(=O)[C@H]([C@@H](C)O)NC(=O)[C@H](CC(N)=O)NC(=O)[C@@H](NC(C)=O)C(C)(C)SSC1(C)C)C(=O)N[C@@H](CC(N)=O)C(=O)N[C@@H](CC(N)=O)C(N)=O,True,False,True,True,*,*,420,420,,,,,,,,,,,,,,,,
631,CC(=O)N[C@@H]1C(=O)N[C@@H](CC(N)=O)C(=O)N[C@@H]([C@@H](C)O)C(=O)N[C@@H](Cc2c[nH]c3ccccc23)C(=O)N[C@@H](CCC(N)=O)C(=O)N[C@H](C(=O)N[C@H](Cc2ccc(OCCN)cc2)C(=O)N[C@@H](Cc2ccc3ccccc3c2)C(=O)N[C@@H](CCC(C)C)C(=O)N[C@@H](CCC(=O)O)C(=O)N[C@@H](CC(N)=O)C(=O)N[C@@H](C)C(N)=O)C(C)(C)SSC1(C)C,True,False,True,True,*,*,420,420,,,,,,,,,,,,,,,,
630,COc1ccc(C[C@H](NC(=O)[C@H]2NC(=O)[C@H](CCC(N)=O)NC(=O)[C@H](Cc3c[nH]c4ccccc34)NC(=O)[C@H]([C@@H](C)O)NC(=O)[C@H](CC(N)=O)NC(=O)[C@@H](NC(C)=O)C(C)(C)SSC2(C)C)C(=O)N[C@@H](Cc2ccc3ccccc3c2)C(=O)NC(C)(C)C(=O)N[C@@H](CCC(=O)O)C(=O)N[C@@H](CC(N)=O)C(=O)N[C@@H](CC(N)=O)C(N)=O)cc1,True,False,True,True,*,*,420,420,,,,,,,,,,,,,,,,
628,CC(=O)NCCCC[C@H](NC(=O)C(C)(C)NC(=O)[C@H](Cc1ccc2ccccc2c1)NC(=O)[C@@H](Cc1ccc(OCCN)cc1)NC(=O)[C@H]1NC(=O)[C@H](CCC(N)=O)NC(=O)[C@H](Cc2c[nH]c3ccccc23)NC(=O)[C@H]([C@@H](C)O)NC(=O)[C@H](CCC(N)=O)NC(=O)[C@@H](NC(C)=O)C(C)(C)SSC1(C)C)C(=O)N[C@@H](CC(N)=O)C(=O)NCCC(N)=O,True,False,True,True,*,*,420,420,,,,,,,,,,,,,,,,
627,COc1ccc(C[C@H](NC(=O)[C@H]2NC(=O)[C@H](CCC(N)=O)NC(=O)[C@H](Cc3c[nH]c4ccccc34)NC(=O)[C@H]([C@@H](C)O)NC(=O)[C@H](CCC(N)=O)NC(=O)[C@@H](NC(C)=O)C(C)(C)SSC2(C)C)C(=O)N[C@@H](Cc2ccc3ccccc3c2)C(=O)N[C@@H](CCC(C)C)C(=O)N[C@@H](CCCCNC(C)=O)C(=O)N[C@@H](CC(N)=O)C(=O)NCCC(N)=O)cc1,True,False,True,True,**,*,270,420,,,,,,,,,,,,,,,,
626,CC(=O)NCCCC[C@H](NC(=O)[C@H](CCC(C)C)NC(=O)[C@H](Cc1ccc2ccccc2c1)NC(=O)[C@@H](Cc1ccc(OCCN)cc1)NC(=O)[C@H]1NC(=O)[C@H](CCC(N)=O)NC(=O)[C@H](Cc2c[nH]c3ccccc23)NC(=O)[C@H]([C@@H](C)O)NC(=O)[C@H](CCC(N)=O)NC(=O)[C@@H](NC(C)=O)C(C)(C)SSC1(C)C)C(=O)N[C@@H](CC(N)=O)C(=O)NCCC(N)=O,True,False,True,True,*,*,420,420,,,,,,,,,,,,,,,,
625,COc1ccc(C[C@H](NC(=O)[C@H]2NC(=O)[C@H](CCC(N)=O)NC(=O)[C@H](Cc3c[nH]c4ccccc34)NC(=O)[C@H]([C@@H](C)O)NC(=O)[C@H](CCC(N)=O)NC(=O)[C@@H](NC(C)=O)C(C)(C)SSC2(C)C)C(=O)N[C@@H](Cc2ccc3ccccc3c2)C(=O)NC(C)(C)C(=O)N[C@@H](CCCCNC(C)=O)C(=O)N[C@@H](CC(N)=O)C(=O)N[C@@H](CC(N)=O)C(N)=O)cc1,True,False,True,True,****,*****,90,30,,,,,,,,,,,,,,,,
624,CC(=O)NCCCC[C@H](NC(=O)C(C)(C)NC(=O)[C@H](Cc1ccc2ccccc2c1)NC(=O)[C@@H](Cc1ccc(OCCN)cc1)NC(=O)[C@H]1NC(=O)[C@H](CCC(N)=O)NC(=O)[C@H](Cc2c[nH]c3ccccc23)NC(=O)[C@H]([C@@H](C)O)NC(=O)[C@H](CCC(N)=O)NC(=O)[C@@H](NC(C)=O)C(C)(C)SSC1(C)C)C(=O)N[C@@H](CC(N)=O)C(=O)N[C@@H](C)C(N)=O,True,False,True,True,***,*,150,420,,,,,,,,,,,,,,,,
622,CC(=O)NCCCC[C@H](NC(=O)C(C)(C)NC(=O)[C@H](Cc1ccc2ccccc2c1)NC(=O)[C@@H](Cc1ccc(OCCN)cc1)NC(=O)[C@H]1NC(=O)[C@H](CCC(N)=O)NC(=O)[C@H](Cc2c[nH]c3ccccc23)NC(=O)[C@H]([C@@H](C)O)NC(=O)[C@H]([C@@H](C)O)NC(=O)[C@@H](NC(C)=O)C(C)(C)SSC1(C)C)C(=O)N[C@@H](CC(N)=O)C(=O)N[C@@H](CCC(N)=O)C(N)=O,True,False,True,True,*,*,420,420,,,,,,,,,,,,,,,,
619,CC(=O)N[C@@H]1C(=O)N[C@@H](CCC(N)=O)C(=O)N[C@@H]([C@@H](C)O)C(=O)N[C@@H](Cc2c[nH]c3ccccc23)C(=O)N[C@@H](CCC(N)=O)C(=O)N[C@H](C(=O)N[C@H](Cc2ccc(OCCN)cc2)C(=O)N[C@@H](Cc2ccc3ccccc3c2)C(=O)N[C@@H](CCC(C)C)C(=O)N[C@@H](CCC(=O)O)C(=O)N[C@@H](CC(N)=O)C(=O)N[C@@H](C)C(N)=O)C(C)(C)SSC1(C)C,True,False,True,True,**,*,270,420,,,,,,,,,,,,,,,,
614,CC(=O)NCCOc1ccc(C[C@@H](NC(=O)[C@H]2NC(=O)[C@H](CCC(N)=O)NC(=O)[C@H](Cc3c[nH]c4ccccc34)NC(=O)[C@H]([C@@H](C)O)NC(=O)[C@H](CCC(N)=O)NC(=O)[C@@H](NC(C)=O)C(C)(C)SSC2(C)C)C(=O)N[C@@H](Cc2ccc3ccccc3c2)C(=O)N[C@](C)(CC(C)C)C(=O)N[C@@H](CCC(N)=O)C(=O)N[C@@H](CC(N)=O)C(=O)N[C@@H](CC(N)=O)C(N)=O)cc1,True,False,True,True,*,*,420,420,,,,,,,,,,,,,,,,
613,CC(=O)NCCCC[C@H](NC(=O)[C@@](C)(CC(C)C)NC(=O)[C@H](Cc1ccc2ccccc2c1)NC(=O)[C@@H](Cc1ccc(OCCNC(C)=O)cc1)NC(=O)[C@H]1NC(=O)[C@H](CCC(N)=O)NC(=O)[C@H](Cc2c[nH]c3ccccc23)NC(=O)[C@H]([C@@H](C)O)NC(=O)[C@H](CCC(N)=O)NC(=O)[C@@H](NC(C)=O)C(C)(C)SSC1(C)C)C(=O)N[C@@H](CC(N)=O)C(=O)N[C@@H](CC(N)=O)C(N)=O,True,False,True,True,*****,*****,30,30,,,,,,,,,,,,,,,,
612,CC(=O)NCCCC[C@@](C)(NC(=O)[C@H](Cc1ccc2ccccc2c1)NC(=O)[C@@H](Cc1ccc(OCCNC(C)=O)cc1)NC(=O)[C@H]1NC(=O)[C@H](CCC(N)=O)NC(=O)[C@H](Cc2c[nH]c3ccccc23)NC(=O)[C@H]([C@@H](C)O)NC(=O)[C@H](CCC(N)=O)NC(=O)[C@@H](NC(C)=O)C(C)(C)SSC1(C)C)C(=O)N[C@@H](CCC(=O)O)C(=O)N[C@@H](CC(N)=O)C(=O)N[C@@H](C)C(N)=O,True,False,True,True,***,*,150,420,,,,,,,,,,,,,,,,
611,CC(=O)NCCCC[C@@](C)(NC(=O)[C@H](Cc1ccc2ccccc2c1)NC(=O)[C@@H](Cc1ccc(OCCNC(C)=O)cc1)NC(=O)[C@H]1NC(=O)[C@H](CCC(N)=O)NC(=O)[C@H](Cc2c[nH]c3ccccc23)NC(=O)[C@H]([C@@H](C)O)NC(=O)[C@H](CCC(N)=O)NC(=O)[C@@H](NC(C)=O)C(C)(C)SSC1(C)C)C(=O)N[C@@H](CCC(=O)O)C(=O)N[C@@H](CC(N)=O)C(=O)NCC(N)=O,True,False,True,True,*,*,420,420,,,,,,,,,,,,,,,,
610,CC(=O)NCCCC[C@H](NC(=O)[C@@](C)(CCCCNC(C)=O)NC(=O)[C@H](Cc1ccc2ccccc2c1)NC(=O)[C@@H](Cc1ccc(OCCNC(C)=O)cc1)NC(=O)[C@H]1NC(=O)[C@H](CCC(N)=O)NC(=O)[C@H](Cc2c[nH]c3ccccc23)NC(=O)[C@H]([C@@H](C)O)NC(=O)[C@H](CCC(N)=O)NC(=O)[C@@H](NC(C)=O)C(C)(C)SSC1(C)C)C(=O)N[C@@H](CC(N)=O)C(=O)N[C@@H](CC(N)=O)C(N)=O,True,False,True,True,*,*,420,420,,,,,,,,,,,,,,,,
609,CC(=O)NCCCC[C@H](NC(=O)[C@@](C)(CCCCNC(C)=O)NC(=O)[C@H](Cc1ccc2ccccc2c1)NC(=O)[C@@H](Cc1ccc(OCCNC(C)=O)cc1)NC(=O)[C@H]1NC(=O)[C@H](CCC(N)=O)NC(=O)[C@H](Cc2c[nH]c3ccccc23)NC(=O)[C@H]([C@@H](C)O)NC(=O)[C@H](CCC(N)=O)NC(=O)[C@@H](NC(C)=O)C(C)(C)SSC1(C)C)C(=O)N[C@@H](CC(N)=O)C(=O)NCC(N)=O,True,False,True,True,*,*,420,420,,,,,,,,,,,,,,,,
608,CC(=O)NCCCC[C@@](C)(NC(=O)[C@H](Cc1ccc2ccccc2c1)NC(=O)[C@@H](Cc1ccc(OCCNC(C)=O)cc1)NC(=O)[C@H]1NC(=O)[C@H](CCC(N)=O)NC(=O)[C@H](Cc2c[nH]c3ccccc23)NC(=O)[C@H]([C@@H](C)O)NC(=O)[C@@](C)(CCCNC(C)=O)NC(=O)[C@@H](NC(C)=O)C(C)(C)SSC1(C)C)C(=O)N[C@@H](CCC(=O)O)C(=O)N[C@@H](CC(N)=O)C(=O)NCC(N)=O,True,False,True,True,*,*,420,420,,,,,,,,,,,,,,,,
607,CC(=O)NCCCC[C@@](C)(NC(=O)[C@H](Cc1ccc2ccccc2c1)NC(=O)[C@@H](Cc1ccc(OCCNC(C)=O)cc1)NC(=O)[C@H]1NC(=O)[C@H](CCC(N)=O)NC(=O)[C@H](Cc2c[nH]c3ccccc23)NC(=O)[C@H]([C@@H](C)O)NC(=O)[C@H](CNC(C)=O)NC(=O)[C@@H](NC(C)=O)C(C)(C)SSC1(C)C)C(=O)N[C@@H](CCC(=O)O)C(=O)N[C@@H](CC(N)=O)C(=O)NCC(N)=O,True,False,True,True,*,*,420,420,,,,,,,,,,,,,,,,
606,CC(=O)NCCCC[C@H](NC(=O)C(C)(C)NC(=O)[C@H](Cc1ccc2ccccc2c1)NC(=O)[C@@H](Cc1ccc(OCCN)cc1)NC(=O)[C@H]1NC(=O)[C@H](CCC(N)=O)NC(=O)[C@H](Cc2c[nH]c3ccccc23)NC(=O)[C@H]([C@@H](C)O)NC(=O)[C@H](CCC(N)=O)NC(=O)[C@@H](NC(C)=O)C(C)(C)SSC1(C)C)C(=O)N[C@@H](CC(N)=O)C(=O)N[C@@H](CCC(N)=O)C(N)=O,True,False,True,True,*,*,420,420,,,,,,,,,,,,,,,,
605,CC(=O)NCCCC[C@H](NC(=O)C(C)(C)NC(=O)[C@H](Cc1ccc2ccccc2c1)NC(=O)[C@@H](Cc1ccc(OCCN)cc1)NC(=O)[C@H]1NC(=O)[C@H](CCC(N)=O)NC(=O)[C@H](Cc2c[nH]c3ccccc23)NC(=O)[C@H]([C@@H](C)O)NC(=O)[C@H](CCC(N)=O)NC(=O)[C@@H](NC(C)=O)C(C)(C)SSC1(C)C)C(=O)N[C@@H](CC(N)=O)C(=O)N[C@@H](CC(N)=O)C(N)=O,True,False,True,True,**,*,270,420,,,,,,,,,,,,,,,,
604,CC(=O)N[C@@H]1C(=O)N[C@@H](CCC(N)=O)C(=O)N[C@@H]([C@@H](C)O)C(=O)N[C@@H](Cc2c[nH]c3ccccc23)C(=O)N[C@@H](CCC(N)=O)C(=O)N[C@H](C(=O)N[C@H](Cc2ccc(OCCN)cc2)C(=O)N[C@@H](Cc2ccc3ccccc3c2)C(=O)NC(C)(C)C(=O)N[C@@H](CCC(=O)O)C(=O)N[C@@H](CC(N)=O)C(=O)N[C@@H](CC(N)=O)C(N)=O)C(C)(C)SSC1(C)C,True,False,True,True,*,*,420,420,,,,,,,,,,,,,,,,
603,CC(=O)N[C@@H]1C(=O)N[C@@H](CCC(N)=O)C(=O)N[C@@H]([C@@H](C)O)C(=O)N[C@@H](Cc2c[nH]c3ccccc23)C(=O)N[C@@H](CCC(N)=O)C(=O)N[C@H](C(=O)N[C@H](Cc2ccc(OCCN)cc2)C(=O)N[C@@H](Cc2ccc3ccccc3c2)C(=O)N[C@](C)(CC(C)C)C(=O)N[C@@H](CCC(N)=O)C(=O)N[C@@H](CC(N)=O)C(=O)N[C@@H](CC(N)=O)C(N)=O)C(C)(C)SSC1(C)C,True,False,True,True,*,*,420,420,,,,,,,,,,,,,,,,
602,CC(=O)NCCCC[C@H](NC(=O)[C@@](C)(CC(C)C)NC(=O)[C@H](Cc1ccc2ccccc2c1)NC(=O)[C@@H](Cc1ccc(OCCN)cc1)NC(=O)[C@H]1NC(=O)[C@H](CCC(N)=O)NC(=O)[C@H](Cc2c[nH]c3ccccc23)NC(=O)[C@H]([C@@H](C)O)NC(=O)[C@H](CCC(N)=O)NC(=O)[C@@H](NC(C)=O)C(C)(C)SSC1(C)C)C(=O)N[C@@H](CC(N)=O)C(=O)N[C@@H](CC(N)=O)C(N)=O,True,False,True,True,****,**,90,270,,,,,,,,,,,,,,,,
601,CC(=O)N[C@@H]1C(=O)N[C@@H](CCC(N)=O)C(=O)N[C@@H]([C@@H](C)O)C(=O)N[C@@H](Cc2c[nH]c3ccccc23)C(=O)N[C@@H](CCC(N)=O)C(=O)N[C@H](C(=O)N[C@H](Cc2ccc(OCCN)cc2)C(=O)N[C@@H](Cc2ccc3ccccc3c2)C(=O)N[C@](C)(CCCCN)C(=O)N[C@@H](CCC(=O)O)C(=O)N[C@@H](CC(N)=O)C(=O)N[C@@H](C)C(N)=O)C(C)(C)SSC1(C)C,True,False,True,True,*,*,420,420,,,,,,,,,,,,,,,,
600,CC(=O)N[C@@H]1C(=O)N[C@@H](CCC(N)=O)C(=O)N[C@@H]([C@@H](C)O)C(=O)N[C@@H](Cc2c[nH]c3ccccc23)C(=O)N[C@@H](CCC(N)=O)C(=O)N[C@H](C(=O)N[C@H](Cc2ccc(OCCN)cc2)C(=O)N[C@@H](Cc2ccc3ccccc3c2)C(=O)N[C@](C)(CCCCN)C(=O)N[C@@H](CCC(=O)O)C(=O)N[C@@H](CC(N)=O)C(=O)NCC(N)=O)C(C)(C)SSC1(C)C,True,False,True,True,*,*,420,420,,,,,,,,,,,,,,,,
599,CC(=O)NCCCC[C@H](NC(=O)[C@@](C)(CCCCN)NC(=O)[C@H](Cc1ccc2ccccc2c1)NC(=O)[C@@H](Cc1ccc(OCCN)cc1)NC(=O)[C@H]1NC(=O)[C@H](CCC(N)=O)NC(=O)[C@H](Cc2c[nH]c3ccccc23)NC(=O)[C@H]([C@@H](C)O)NC(=O)[C@H](CCC(N)=O)NC(=O)[C@@H](NC(C)=O)C(C)(C)SSC1(C)C)C(=O)N[C@@H](CC(N)=O)C(=O)N[C@@H](CC(N)=O)C(N)=O,True,False,True,True,***,**,150,270,,,,,,,,,,,,,,,,
598,CC(=O)NCCCC[C@H](NC(=O)[C@@](C)(CCCCN)NC(=O)[C@H](Cc1ccc2ccccc2c1)NC(=O)[C@@H](Cc1ccc(OCCN)cc1)NC(=O)[C@H]1NC(=O)[C@H](CCC(N)=O)NC(=O)[C@H](Cc2c[nH]c3ccccc23)NC(=O)[C@H]([C@@H](C)O)NC(=O)[C@H](CCC(N)=O)NC(=O)[C@@H](NC(C)=O)C(C)(C)SSC1(C)C)C(=O)N[C@@H](CC(N)=O)C(=O)NCC(N)=O,True,False,True,True,*,*,420,420,,,,,,,,,,,,,,,,
597,CC(=O)N[C@@H]1C(=O)N[C@@H](CC(N)=O)C(=O)N[C@@H]([C@@H](C)O)C(=O)N[C@@H](Cc2c[nH]c3ccccc23)C(=O)N[C@@H](CCC(N)=O)C(=O)N[C@H](C(=O)N[C@H](Cc2ccc(OCCN)cc2)C(=O)N[C@@H](Cc2ccc3ccccc3c2)C(=O)N[C@](C)(CCCCN)C(=O)N[C@@H](CCC(=O)O)C(=O)N[C@@H](CC(N)=O)C(=O)NCC(N)=O)C(C)(C)SSC1(C)C,True,False,True,True,*,*,420,420,,,,,,,,,,,,,,,,
596,CC(=O)N[C@@H]1C(=O)N[C@](C)(CCCN)C(=O)N[C@@H]([C@@H](C)O)C(=O)N[C@@H](Cc2c[nH]c3ccccc23)C(=O)N[C@@H](CCC(N)=O)C(=O)N[C@H](C(=O)N[C@H](Cc2ccc(OCCN)cc2)C(=O)N[C@@H](Cc2ccc3ccccc3c2)C(=O)N[C@](C)(CCCCN)C(=O)N[C@@H](CCC(=O)O)C(=O)N[C@@H](CC(N)=O)C(=O)NCC(N)=O)C(C)(C)SSC1(C)C,True,False,True,True,***,**,150,270,,,,,,,,,,,,,,,,
595,CC(=O)N[C@@H]1C(=O)N[C@@H](CN)C(=O)N[C@@H]([C@@H](C)O)C(=O)N[C@@H](Cc2c[nH]c3ccccc23)C(=O)N[C@@H](CCC(N)=O)C(=O)N[C@H](C(=O)N[C@H](Cc2ccc(OCCN)cc2)C(=O)N[C@@H](Cc2ccc3ccccc3c2)C(=O)N[C@](C)(CCCCN)C(=O)N[C@@H](CCC(=O)O)C(=O)N[C@@H](CC(N)=O)C(=O)NCC(N)=O)C(C)(C)SSC1(C)C,True,False,True,True,*,*,420,420,,,,,,,,,,,,,,,,
578,CC(=O)N[C@@H]1C(=O)N[C@@H](CCC(N)=O)C(=O)N[C@@H]([C@@H](C)O)C(=O)N[C@@H](Cc2c[nH]c3ccccc23)C(=O)N[C@@H](CCC(N)=O)C(=O)N[C@H](C(=O)N[C@H](Cc2ccc(C(C)(C)F)cc2)C(=O)N[C@@H](Cc2ccc3ccccc3c2)C(=O)N[C@](C)(CCCCN)C(=O)N[C@@H](CCC(=O)O)C(=O)N[C@@H](CC(N)=O)C(=O)NCC(N)=O)C(C)(C)SSC1(C)C,True,False,True,True,*,**,420,270,,,,,,,,,,,,,,,,
560,CC(=O)N[C@@H]1C(=O)N[C@@H](CCC(N)=O)C(=O)N[C@@H]([C@@H](C)O)C(=O)N[C@@H](Cc2c[nH]c3ccccc23)C(=O)N[C@@H](CCC(N)=O)C(=O)N[C@H](C(=O)N[C@@H](Cc2ccc(O)cc2)C(=O)N[C@@H](Cc2c[nH]c3ccccc23)C(=O)N[C@](C)(CCCN)C(=O)N[C@@H](CCC(=O)O)C(=O)N[C@@H](CC(N)=O)C(=O)NCC(N)=O)C(C)(C)SSC1(C)C,True,False,True,True,*,,420,-1,,,,,,,,,,,,,,,,
559,CC(=O)N[C@@H]1C(=O)N[C@@H](CCC(N)=O)C(=O)N[C@@H]([C@@H](C)O)C(=O)N[C@@H](Cc2c[nH]c3ccccc23)C(=O)N[C@@H](CCC(N)=O)C(=O)N[C@H](C(=O)N[C@@H](Cc2ccc(O)cc2)C(=O)N[C@@H](Cc2ccc3ccccc3c2)C(=O)N[C@](C)(CCCN)C(=O)N[C@@H](CCC(=O)O)C(=O)N[C@@H](CC(N)=O)C(=O)NCC(N)=O)C(C)(C)SSC1(C)C,True,False,True,True,*,*,420,420,,,,,,,,,,,,,,,,
557,COc1ccc(C[C@H](NC(=O)[C@H]2NC(=O)[C@H](CCC(N)=O)NC(=O)[C@H](Cc3c[nH]c4ccccc34)NC(=O)[C@H]([C@@H](C)O)NC(=O)[C@H](CCC(N)=O)NC(=O)[C@@H](NC(C)=O)C(C)(C)SSC2(C)C)C(=O)N[C@@H](Cc2ccc3ccccc3c2)C(=O)N[C@](C)(CCCCN)C(=O)N[C@@H](CCC(=O)O)C(=O)N[C@@H](CC(N)=O)C(=O)NCC(N)=O)cc1,True,False,True,True,*,*,420,420,,,,,,,,,,,,,,,,
555,CC(=O)N[C@@H]1C(=O)N[C@@H](CCC(N)=O)C(=O)N[C@@H]([C@@H](C)O)C(=O)N[C@@H](Cc2c[nH]c3ccccc23)C(=O)N[C@@H](CCC(N)=O)C(=O)N[C@H](C(=O)N[C@@H](Cc2ccc(O)cc2)C(=O)N[C@@H](Cc2c[nH]c3ccccc23)C(=O)N[C@H](CC(N)=O)C(=O)N[C@@H](CCC(=O)O)C(=O)N[C@@H](CC(N)=O)C(=O)NCC(N)=O)C(C)(C)SSC1(C)C,True,False,True,True,**,,270,-1,,,,,,,,,,,,,,,,
554,CC(=O)N[C@@H]1C(=O)N[C@@H](CCC(N)=O)C(=O)N[C@@H]([C@@H](C)O)C(=O)N[C@@H](Cc2c[nH]c3ccccc23)C(=O)N[C@@H](CCC(N)=O)C(=O)N[C@H](C(=O)N[C@@H](Cc2ccc(O)cc2)C(=O)N[C@@H](Cc2c[nH]c3ccccc23)C(=O)N[C@](C)(CC(C)C)C(=O)N[C@@H](CCC(=O)O)C(=O)N[C@@H](CC(N)=O)C(=O)NCC(N)=O)C(C)(C)SSC1(C)C,True,False,True,True,**,,270,-1,,,,,,,,,,,,,,,,
553,CC(=O)N[C@@H](C)C(=O)N[C@@H]1C(=O)N[C@@H](CC(=O)O)C(=O)N[C@@H](Cc2c[nH]c3ccccc23)C(=O)N[C@@H](C(C)C)C(=O)N[C@H](C(=O)N[C@@H](Cc2ccc(O)cc2)C(=O)N[C@@H](Cc2c[nH]c3ccccc23)C(=O)N[C@@H](CCCN)C(=O)N[C@@H](CN)C(=O)N[C@@H](Cc2ccccc2)C(=O)NCC(=O)NCCOCC(=O)N[C@H](CCCCN)C(N)=O)C(C)(C)SSC1(C)C,True,False,True,True,**,,270,-1,,,,,,,,,,,,,,,,
552,CC(=O)N[C@@H]1C(=O)N[C@@H](CCC(N)=O)C(=O)N[C@@H]([C@@H](C)O)C(=O)N[C@@H](Cc2c[nH]c3ccccc23)C(=O)N[C@@H](CCC(N)=O)C(=O)N[C@H](C(=O)N[C@@H](Cc2ccc(O)cc2)C(=O)N[C@@H](Cc2c[nH]c3ccccc23)C(=O)N(C)[C@@H](CCCNC(=N)N)C(=O)N[C@@H](CCC(=O)O)C(=O)N[C@@H](CC(N)=O)C(=O)NCC(N)=O)C(C)(C)SSC1(C)C,True,False,True,True,**,,270,-1,,,,,,,,,,,,,,,,
551,CC(=O)N[C@@H]1C(=O)N[C@@H](CCC(N)=O)C(=O)N[C@@H]([C@@H](C)O)C(=O)N[C@@H](Cc2c[nH]c3ccccc23)C(=O)N[C@@H](CCC(N)=O)C(=O)N[C@H](C(=O)N[C@@H](Cc2ccc(O)cc2)C(=O)N[C@@H](Cc2c[nH]c3ccccc23)C(=O)N[C@@H](CCC(C)C)C(=O)N[C@@H](CCC(=O)O)C(=O)N[C@@H](CC(N)=O)C(=O)NCC(N)=O)C(C)(C)SSC1(C)C,True,False,True,True,**,***,270,150,,,,,,,,,,,,,,,,
550,CC(=O)N[C@@H]1C(=O)N[C@@H](CCC(N)=O)C(=O)N[C@@H]([C@@H](C)O)C(=O)N[C@@H](Cc2c[nH]c3ccccc23)C(=O)N[C@@H](CCC(N)=O)C(=O)N[C@H](C(=O)N[C@@H](Cc2ccc(O)cc2)C(=O)N[C@@H](Cc2c[nH]c3ccccc23)C(=O)N(C)[C@@H](CCCNC(=N)N)C(=O)N[C@@H](CCC(=O)O)C(=O)N[C@@H](CC(N)=O)C(=O)NCC(N)=O)C(C)(C)SSC1(C)C,True,False,True,True,**,,270,-1,,,,,,,,,,,,,,,,
549,CC(=O)N[C@@H]1C(=O)N[C@@H](CCC(N)=O)C(=O)N[C@@H]([C@@H](C)O)C(=O)N[C@@H](Cc2c[nH]c3ccccc23)C(=O)N[C@@H](CCC(N)=O)C(=O)N[C@H](C(=O)N[C@@H](Cc2ccc(O)cc2)C(=O)N[C@@H](Cc2c[nH]c3ccccc23)C(=O)N[C@@H](CCC(C)C)C(=O)N[C@@H](CCC(=O)O)C(=O)N[C@@H](CC(N)=O)C(=O)NCC(N)=O)C(C)(C)SSC1(C)C,True,False,True,True,**,,270,-1,,,,,,,,,,,,,,,,
548,CC(=O)N[C@@H](C)C(=O)N[C@@H]1C(=O)N[C@@H](CC(=O)O)C(=O)N[C@@H](Cc2c[nH]c3ccccc23)C(=O)N[C@@H](C(C)C)C(=O)N[C@H](C(=O)N[C@@H](Cc2ccc(O)cc2)C(=O)N[C@@H](Cc2c[nH]c3ccccc23)C(=O)N[C@@H](CCCNC(=N)N)C(=O)N[C@@H](CCCCN)C(=O)N[C@@H](Cc2ccccc2)C(=O)NCC(=O)NCCOCC(=O)N[C@H](CCCCN)C(N)=O)C(C)(C)SSC1(C)C,True,False,True,True,**,,270,-1,,,,,,,,,,,,,,,,
521,CC(=O)N[C@H]1CSSC[C@@H](C(=O)N[C@@H](Cc2ccc(O)cc2)C(=O)N[C@@H](Cc2c[nH]c3ccccc23)C(=O)N[C@@H](Cc2c[nH]cn2)C(=O)N[C@H](C(=O)N[C@@H](Cc2ccc(O)cc2)C(=O)NCC(N)=O)[C@@H](C)O)NC(=O)[C@H](CCC(=O)O)NC(=O)[C@H](Cc2c[nH]c3ccccc23)NC(=O)[C@H]([C@@H](C)O)NC(=O)[C@H](CO)NC1=O,True,False,True,True,***,,150,-1,,,,,,,,,,,,,,,,
520,CC(=O)N[C@H]1CSSC[C@@H](C(=O)N[C@@H](Cc2ccc(O)cc2)C(=O)N[C@@H](Cc2c[nH]c3ccccc23)C(=O)N[C@@H](CCCNC(=N)N)C(=O)N[C@H](C(=O)N[C@@H](Cc2ccc(O)cc2)C(=O)NCC(N)=O)[C@@H](C)O)NC(=O)[C@H](CCC(=O)O)NC(=O)[C@H](Cc2c[nH]c3ccccc23)NC(=O)[C@H](CO)NC(=O)[C@H](CC(=O)O)NC1=O,True,False,True,True,*****,,30,-1,,,,,,,,,,,,,,,,
516,CC(=O)N[C@H]1CSSC[C@@H](C(=O)N[C@@H](Cc2ccc(O)cc2)C(=O)N[C@@H](Cc2cccc3ccccc23)C(=O)N[C@H](CC(N)=O)C(=O)N[C@@H](CCC(=O)O)C(=O)N[C@@H](CC(N)=O)C(=O)NCC(N)=O)NC(=O)[C@H](CCC(N)=O)NC(=O)[C@H](Cc2c[nH]c3ccccc23)NC(=O)[C@H]([C@@H](C)O)NC(=O)[C@H](CCC(N)=O)NC1=O,True,False,True,True,*****,,30,-1,,,,,,,,,,,,,,,,
